sample_id,source_image_id,sha256,phash,width,height,format,file_size,class,split,dataset_version,transformation_version,created_at
scene_0000_w00,scene_0000,e223aefbce67e6d9cd03da9d09ac94a99ba3eb1c0769f1d9696b612510b9f46b,1000110000001101001010110010101100110011001100110011001100110101,123,384,JPEG,6918,NO_PPE,train,1.0.0,1.0.0,2026-09-13T23:02:03.862057+00:00
scene_0000_w01,scene_0000,72f1ac734a426a1a77c2ceba0d023152f75663b07fda223e420f8c37d4e753f8,0010111000101111011010010110100101101001001100110011001100110011,167,264,JPEG,7741,PARTIAL_PPE,train,1.0.0,1.0.0,2026-09-13T23:02:03.862057+00:00
scene_0001_w00,scene_0001,70839363f3e2b86683efb71a4c8202a17300f8f2293c641e5702dfef63a7283d,1010000000001111011010010110100100101011001100110011001100110011,113,250,JPEG,7460,FULL_PPE,val,1.0.0,1.0.0,2026-09-13T23:02:03.862057+00:00
scene_0001_w01,scene_0001,079a0ee84bd516c1701d57a27c9bccd50709f568177e5f3dffe35e95fd131600,1001011000101011011010010110100100101011001100110011001100010011,105,278,JPEG,8323,FULL_PPE,val,1.0.0,1.0.0,2026-09-13T23:02:03.862057+00:00
scene_0001_w02,scene_0001,f85c54915a85cdcb2efd3da8dd63953c964fe4565d22ecc8ed3ebc1719a4a5da,1000111000001111001010110010101100110011001100110011001100110011,101,299,JPEG,5124,NO_PPE,val,1.0.0,1.0.0,2026-09-13T23:02:03.862057+00:00
scene_0002_w00,scene_0002,0e7677b5c510bdb7cdc6505bcd273c419f45534d126c2d175e2b868fd621d024,1000011000001111011010010110100100101001001100110011001100100111,142,256,JPEG,8095,FULL_PPE,test,1.0.0,1.0.0,2026-09-13T23:02:03.862057+00:00
scene_0003_w00,scene_0003,690c53554f126514f6e258531b7237a8f0fff5d67cef32b1cdcbf449ec45ab69,0011000000110011001100110010101100110011001100110011001100111011,111,276,JPEG,6162,PARTIAL_PPE,train,1.0.0,1.0.0,2026-09-13T23:02:03.862057+00:00
scene_0003_w01,scene_0003,0611ff355a70a344bd4f73a43263f8dc33f5a79dffd30bf18fcaeeeb8239f933,1101000001101001011010010110100100101011001100110011001100110011,136,352,JPEG,8787,PARTIAL_PPE,train,1.0.0,1.0.0,2026-09-13T23:02:03.862057+00:00
scene_0004_w00,scene_0004,fdeef8440351e3fee286246bf39175a0c199f7d13adbbfe6a5cf3f0bf90f1387,0011000111110000110011001100100011101000001100110011001100110011,162,335,JPEG,9603,PARTIAL_PPE,train,1.0.0,1.0.0,2026-09-13T23:02:03.862057+00:00
scene_0004_w01,scene_0004,73abc468491e7ba7d87acc2363b4f45cbb139dc9b7c55fe815f47add0cdaafea,0111000101101001111010001110100001101001001100110011001100001011,129,322,JPEG,10245,FULL_PPE,train,1.0.0,1.0.0,2026-09-13T23:02:03.862057+00:00
scene_0004_w02,scene_0004,d844029ef28006e9c03e759c8a187b7e7dcbaede570656abf41c0bd48f10918d,0111000111110000110011001100110011001000001100110011001100110011,173,390,JPEG,10193,FULL_PPE,train,1.0.0,1.0.0,2026-09-13T23:02:03.862057+00:00
scene_0005_w00,scene_0005,e4f75839da164c2db96d5a6a8270fa6a7d89ba7a631964fe8dbfb98d79403b88,1011000001101001011010010110100100101011001100110011001100010011,99,383,JPEG,9096,FULL_PPE,train,1.0.0,1.0.0,2026-09-13T23:02:03.862057+00:00
scene_0006_w00,scene_0006,fcf328b2341acf157b3bae5860f7dd5969da9bb718676b9ddf879bbab9358ffa,1111000001110001000100110010101100101011001100110010101100001111,173,392,JPEG,8098,NO_PPE,train,1.0.0,1.0.0,2026-09-13T23:02:03.862057+00:00
scene_0007_w00,scene_0007,dad279043fcf2e190c1346b630c4fa1a7b5e4e1906eb35dea9e10f2a3a7c2c8d,1111000101110001001010110010101100100011001100110011001100001111,143,348,JPEG,6076,NO_PPE,train,1.0.0,1.0.0,2026-09-13T23:02:03.862057+00:00
scene_0008_w00,scene_0008,4dd4307a4d331b8ddd56eb873934ab5f7674f6fec541a0c8e567f37b47328834,0110000001101011011010010110100100101011001100110011001100110011,123,299,JPEG,7503,PARTIAL_PPE,train,1.0.0,1.0.0,2026-09-13T23:02:03.862057+00:00
scene_0008_w01,scene_0008,e87ab590534038b26248063740dd6f9e8fdfadd4bf6916c5aaa41e13b62ffe21,1011000000101001011010010110100100101011001100110011001100001011,124,342,JPEG,9818,FULL_PPE,train,1.0.0,1.0.0,2026-09-13T23:02:03.862057+00:00
scene_0009_w00,scene_0009,2457bdb11e020dd090091cbfec7e6d7238b891b1966cefc7c4bb25838b7c2407,1000001000001111001010110110100100101011001100110011001100001011,162,366,JPEG,11631,FULL_PPE,train,1.0.0,1.0.0,2026-09-13T23:02:03.862057+00:00
scene_0010_w00,scene_0010,4246576135976f655f09f0e26a6e274c7e76ead1c587701d89131c16afce7119,1111000001101001011010010110100101101011001100110011001100110011,116,291,JPEG,8347,FULL_PPE,train,1.0.0,1.0.0,2026-09-13T23:02:03.862057+00:00
scene_0010_w01,scene_0010,f4bde199c62a0b23f95b30c2f178f6f616a4a4fdb5341e503327ede74af11ad4,0111000001101000110010001100100011101000001100110011001100101111,156,344,JPEG,11520,FULL_PPE,train,1.0.0,1.0.0,2026-09-13T23:02:03.862057+00:00
scene_0011_w00,scene_0011,5b9526a204ebeb235480e9089febb5256069a437f3fcb95742d2fcc9b14a5e70,1111000100110001001000110010101100100011001100110011001100001101,143,269,JPEG,6147,NO_PPE,train,1.0.0,1.0.0,2026-09-13T23:02:03.862057+00:00
scene_0011_w01,scene_0011,64d58e6d6e80feb8270a0f3e56c05380896e22990de07d5d8ea702298a5bf4a0,1111000000110001001000110010001100110011001100110011001100001111,155,279,JPEG,7470,PARTIAL_PPE,train,1.0.0,1.0.0,2026-09-13T23:02:03.862057+00:00
scene_0012_w00,scene_0012,32a64f39041e1f9ab6f4ce93ff39e3a8975b04d1dea7e8fdb9fb7a313e758e29,1001010000001101011010010110100100101001001100110011001100110011,105,298,JPEG,8427,FULL_PPE,train,1.0.0,1.0.0,2026-09-13T23:02:03.862057+00:00
scene_0013_w00,scene_0013,015b504b6e083e8e6062037b4aea6abde2f48b0dd3870e76191f51c960f36193,1000111000001111011010010110100100101011001100110011001100011011,98,303,JPEG,7246,PARTIAL_PPE,train,1.0.0,1.0.0,2026-09-13T23:02:03.862057+00:00
scene_0013_w01,scene_0013,2ee2ecc0133ced54294e80dead8434a55fcc6b5c573760c441e7479bd7a8eacd,0110011000101111001010110010101100110011001100110011001100110011,98,257,JPEG,5065,PARTIAL_PPE,train,1.0.0,1.0.0,2026-09-13T23:02:03.862057+00:00
scene_0014_w00,scene_0014,1c788f874733f055471139c7a0d2ee00a126512e9daa28f4857ee9540cafba75,0111100101110001110010001100100001101001001100110011001100001011,140,349,JPEG,10037,FULL_PPE,test,1.0.0,1.0.0,2026-09-13T23:02:03.862057+00:00
scene_0014_w01,scene_0014,37961784c3a2b6447020554200711749c1bb65520ec20e9fd43f39341c065a89,1111000000100011001010110010101100110011001100110011001100011011,107,345,JPEG,6634,PARTIAL_PPE,test,1.0.0,1.0.0,2026-09-13T23:02:03.862057+00:00
scene_0015_w00,scene_0015,3114db72f848b905ca332512ab0cdd58819bac8a15220f3a6feb5d7089b44de9,1101011001001111011010010110100101101011001100110011001100010011,112,253,JPEG,8735,FULL_PPE,train,1.0.0,1.0.0,2026-09-13T23:02:03.862057+00:00
scene_0016_w00,scene_0016,13fa33c79ac241ba50270e27d6f06e949a562ffd24e5cb312d9fbbe2322735d3,0111000101110001001000110010101100100011001100110011001100001011,137,391,JPEG,7542,PARTIAL_PPE,train,1.0.0,1.0.0,2026-09-13T23:02:03.862057+00:00
scene_0017_w00,scene_0017,dd886d5e0c563ddc8addd78a229715fa1bcf274b7f4c050da4347956c55d95c6,1011101101101001011010011110100001101001001100110011001100110011,112,260,JPEG,7314,FULL_PPE,train,1.0.0,1.0.0,2026-09-13T23:02:03.862057+00:00
scene_0018_w00,scene_0018,c2178d7d3be5d1ed2704169bf1d6f561e9f48318c62f072f7e7b9060292088f2,1010110100101101001010110010101100110011001100110011001100110101,122,302,JPEG,6743,NO_PPE,train,1.0.0,1.0.0,2026-09-13T23:02:03.862057+00:00
scene_0018_w01,scene_0018,743887a4ced97ce1334486711f6809dcb015bcd2c3161bc5f85a19f139303522,1000011000001111001010110010101100110011001100110011001100110111,102,322,JPEG,6932,PARTIAL_PPE,train,1.0.0,1.0.0,2026-09-13T23:02:03.862057+00:00
scene_0019_w00,scene_0019,6a4f9214121dad04fb4544acec12f4741abec7d4b532d0842d430331d84963e5,1001111000001111001010110010101100100011001100110011001100011011,168,335,JPEG,8077,NO_PPE,train,1.0.0,1.0.0,2026-09-13T23:02:03.862057+00:00
scene_0019_w01,scene_0019,08941c83b21d4cd0e17bfe50d3816ba96160ee40678a8ece8ca8a8e6d80eaef3,1000111000001111001010110010100100101011001100110011001100110011,132,260,JPEG,7804,PARTIAL_PPE,train,1.0.0,1.0.0,2026-09-13T23:02:03.862057+00:00
scene_0020_w00,scene_0020,b10e5dda4d9d231eebd2b921558cd9d4b392d67614c2538204b34757e5967166,1111000001110001000000110010101100110011001100110011001100001111,124,301,JPEG,6832,NO_PPE,test,1.0.0,1.0.0,2026-09-13T23:02:03.862057+00:00
scene_0021_w00,scene_0021,96993a989d9f74d6d35cd9db3d06af862ca112b3a377476f13638bfc21d375cb,0111000101110001001000110010101100110011001100110011001100110011,113,242,JPEG,4722,PARTIAL_PPE,val,1.0.0,1.0.0,2026-09-13T23:02:03.862057+00:00
scene_0021_w01,scene_0021,590ba3dfffca9ceebcc42e06ff7de1380e56dcc1853538a085f557124029d6fd,0111000111110000110011001100100011001000001100110011001100110011,115,353,JPEG,7818,FULL_PPE,val,1.0.0,1.0.0,2026-09-13T23:02:03.862057+00:00
scene_0022_w00,scene_0022,1bf330003d167f0dc6bd19e7cb4cf781fb3a7970dde71297620ab8ffbb6d68ee,1111000000110011001010110010101100100011001100110011001100001111,172,292,JPEG,5624,NO_PPE,train,1.0.0,1.0.0,2026-09-13T23:02:03.862057+00:00
scene_0022_w01,scene_0022,3cc1f5797bc98e1574af79411e9bf0b82242a898e3f91a9dc2d9ecb7a2a64c89,0011000000110011001010110010101100110011001100110011001100110011,134,369,JPEG,6574,NO_PPE,train,1.0.0,1.0.0,2026-09-13T23:02:03.862057+00:00
scene_0022_w02,scene_0022,d108bc8749755c940466e924925d125ae65d84a8ce21880c2e1223a197acaafd,0111001101110000110011001100110011101000001100110011001100110011,163,335,JPEG,8766,PARTIAL_PPE,train,1.0.0,1.0.0,2026-09-13T23:02:03.862057+00:00
scene_0023_w00,scene_0023,eea614434f8f2abb1ce78444c97bd1a0b9b761fb11294cd57c9934fa24f28cab,1001111000001111001010110010101100100011001100110011001100011011,154,245,JPEG,6519,PARTIAL_PPE,test,1.0.0,1.0.0,2026-09-13T23:02:03.862057+00:00
scene_0024_w00,scene_0024,3b54747b87707fcb55c9fca4f2b08b15c2a54c13424237541106a31e08a7f688,1011000000110001001100110010101100100011001100110011001100101111,148,334,JPEG,6468,NO_PPE,train,1.0.0,1.0.0,2026-09-13T23:02:03.862057+00:00
scene_0025_w00,scene_0025,075e65292b3b495a5580fa6bb4a30921093fb5de5c6f345f316bdb5b9e7abc8f,1111000000110001001000110010101100100011001100110011001100110011,129,357,JPEG,6143,NO_PPE,train,1.0.0,1.0.0,2026-09-13T23:02:03.862057+00:00
scene_0025_w01,scene_0025,6f5a9163c6808c5818a5578b568b620aa3cd2162b94d4e899be45cb798210ef5,0111000111110000110011001100100011101000001100110011001100110011,116,333,JPEG,7491,PARTIAL_PPE,train,1.0.0,1.0.0,2026-09-13T23:02:03.862057+00:00
scene_0026_w00,scene_0026,f6a9fce0b581a935c6d724d05e59494e4d01806de6982728926b5197ceda3a6e,1110110000101011001010110010101100100011001100110011001100101111,164,375,JPEG,6846,NO_PPE,train,1.0.0,1.0.0,2026-09-13T23:02:03.862057+00:00
scene_0026_w01,scene_0026,99944b474065a93bc6200f22352c2795473cd4d38fafedac425963a87cb9c62f,1011011000101011011010010110100100101011001100110011001100111011,121,317,JPEG,8250,PARTIAL_PPE,train,1.0.0,1.0.0,2026-09-13T23:02:03.862057+00:00
scene_0026_w02,scene_0026,20c791975206b2d96293dfebf630e18c22d9024793cf2e1a70265021b1dd92e9,1100010000000011001010110010101100110011001100110011001100001011,125,292,JPEG,4838,NO_PPE,train,1.0.0,1.0.0,2026-09-13T23:02:03.862057+00:00
scene_0027_w00,scene_0027,07e56802635a9d5ab9aa831251f1b44585efbd8a9c700b2be35fc5a40b61bba1,1111000001110001001000110010101100110011001100110011001100001011,125,255,JPEG,5813,PARTIAL_PPE,train,1.0.0,1.0.0,2026-09-13T23:02:03.862057+00:00
scene_0028_w00,scene_0028,1633152377d291bbe6f6cd432beeba65eefe6a9998a2c06f625e7fe60da54ffd,0111000001110001001001110010001100110011001100110011001100001101,145,268,JPEG,6946,PARTIAL_PPE,train,1.0.0,1.0.0,2026-09-13T23:02:03.862057+00:00
scene_0029_w00,scene_0029,c375a2a10d37da1b42b9db9a03c4f255e9802c9e24a1004fd783708cd00f4b89,0010111000101111011010010110100101101001001100110011001100110011,173,374,JPEG,10712,FULL_PPE,val,1.0.0,1.0.0,2026-09-13T23:02:03.862057+00:00
scene_0030_w00,scene_0030,30bd72319252a82484dc05e1e3f2498c034559fbb73666be76b67da2e8afacdd,1111000001101001011010010110100101101001001100110011001100110011,101,326,JPEG,8334,FULL_PPE,train,1.0.0,1.0.0,2026-09-13T23:02:03.862057+00:00
scene_0030_w01,scene_0030,ea939b828ae0b0fc913d98aa9e3ee270c23d39578a59324a0449260cf14619b4,1111000000110011001010110010101100110011001100110011001100110011,105,269,JPEG,5484,NO_PPE,train,1.0.0,1.0.0,2026-09-13T23:02:03.862057+00:00
scene_0031_w00,scene_0031,cba7ae44d10a0ed196870a524eb0d2be03d0e59b5748af80a14dd4e3bee85504,1111000100100001001000110010101100110011001100110011001100110011,100,387,JPEG,6702,PARTIAL_PPE,train,1.0.0,1.0.0,2026-09-13T23:02:03.862057+00:00
scene_0031_w01,scene_0031,906b92aca85105f48b5c1d297230f895ecdbf2bd486814ac86b1f473ca5e15a8,1110101100101011001000110010101100100011001100110011001100001011,168,310,JPEG,6639,NO_PPE,train,1.0.0,1.0.0,2026-09-13T23:02:03.862057+00:00
scene_0031_w02,scene_0031,ae2cd839778d949888646af410d12c4c045c8144e90beee51e469bf36e2e7693,1111000000110011001010110010101100110011001100110011001100001011,136,343,JPEG,6678,NO_PPE,train,1.0.0,1.0.0,2026-09-13T23:02:03.862057+00:00
scene_0032_w00,scene_0032,0f84bb162c349bd9f819906888f5f284a9b902695fa14604761d4a71eb9efe43,0111000001101001011010010110100101101001001100110011001100010011,102,332,JPEG,8916,PARTIAL_PPE,val,1.0.0,1.0.0,2026-09-13T23:02:03.862057+00:00
scene_0033_w00,scene_0033,d3b73426056c6755ef5c56119fc7b5da3c007ccbe3208b4ccc538885edff03b2,0100110101001101001010110010101100110011001100110011001100110011,104,287,JPEG,6036,NO_PPE,train,1.0.0,1.0.0,2026-09-13T23:02:03.862057+00:00
scene_0033_w01,scene_0033,130a1d843ed84906cd07bc55c0f988d8f2bb60b47717475ee17245e66668a76e,1001011000001111001010110010101100110011001100110011001100110011,126,281,JPEG,5255,PARTIAL_PPE,train,1.0.0,1.0.0,2026-09-13T23:02:03.862057+00:00
scene_0033_w02,scene_0033,478f346b9f006a00521228a6315bd9d1d7f43af59c309afb3db21296c48615da,1000101100001111001010110010101100110011001100110011001100110011,169,251,JPEG,5796,NO_PPE,train,1.0.0,1.0.0,2026-09-13T23:02:03.862057+00:00
scene_0034_w00,scene_0034,185f44c37c6b2cb1c22fd394f142ae44bd6380c6674a21da73906a111c44ab47,1000111000010111001010110010101100101011001100110010101100101011,137,279,JPEG,6391,PARTIAL_PPE,train,1.0.0,1.0.0,2026-09-13T23:02:03.862057+00:00
scene_0034_w01,scene_0034,207eceaa3403924c50ade83829b70a7869fab8c12cc7ecf2cfd53834b382929d,1100111001010110001100110010101100110011001100110011001100110011,103,266,JPEG,6139,NO_PPE,train,1.0.0,1.0.0,2026-09-13T23:02:03.862057+00:00
scene_0035_w00,scene_0035,1df2186714baf59bbedba7d7b2cdf406f4b8393eb642b5397472a51e5011eb45,1000011000010111011010010110100100101011001100110011001100110011,141,286,JPEG,8974,FULL_PPE,train,1.0.0,1.0.0,2026-09-13T23:02:03.862057+00:00
scene_0035_w01,scene_0035,c55d250e1913490575e985a5cc0a0da27086892602e5c31c3e650d8f7d59fd1d,1001011000001111001010110010101100100011001100110011001100111011,160,242,JPEG,7324,PARTIAL_PPE,train,1.0.0,1.0.0,2026-09-13T23:02:03.862057+00:00
scene_0036_w00,scene_0036,b66c9b9e0c4fb0d8c0c824465feb8d7aa06b8529320c57111931a6fc8e6ff163,1111001001100011011010010110100100101011001100110011001100010011,116,381,JPEG,10059,FULL_PPE,train,1.0.0,1.0.0,2026-09-13T23:02:03.862057+00:00
scene_0037_w00,scene_0037,a6d7cbbf4f1ba9be7a7f77f089e3060e95c5be84d60001df99990f3a2ba78aa3,1000110000101101011010010110100100101001001100110010101100101101,164,355,JPEG,9779,PARTIAL_PPE,val,1.0.0,1.0.0,2026-09-13T23:02:03.862057+00:00
scene_0038_w00,scene_0038,59dac39fa2754df76a244ce3c19736838a70c9e7d96d342f3af7c740ea9b39e6,1000111000001111001010110010101100101011001100110011001100110011,148,364,JPEG,9442,PARTIAL_PPE,train,1.0.0,1.0.0,2026-09-13T23:02:03.862057+00:00
scene_0039_w00,scene_0039,30ec7e7bc5f9e25685015454a0255c17288adaa5d126c8a1717479623ee6a65d,0111000101110001111010001110100001101001001100110011001100001011,160,314,JPEG,9622,FULL_PPE,train,1.0.0,1.0.0,2026-09-13T23:02:03.862057+00:00
scene_0040_w00,scene_0040,92677f42c2c84d7d819e1956753fd21eb7b2c584dac5638a399ee2510a77594e,0111000111100000110011001100100011101000001100110011001100110011,113,300,JPEG,6429,FULL_PPE,train,1.0.0,1.0.0,2026-09-13T23:02:03.862057+00:00
scene_0041_w00,scene_0041,fe6c876d7cc2a9933bf6c010ca92d537b6b05621087f757bb3a9b32d1ce7f041,1000100100001001011010010110100101101001001100110011001100001011,139,390,JPEG,10396,FULL_PPE,val,1.0.0,1.0.0,2026-09-13T23:02:03.862057+00:00
scene_0041_w01,scene_0041,ef98bc59764c22bd5cbf6d3077a0b89ae3f711b3e4d899d7b5a2f26163004643,1000011000001011011010010110100100101011001100110011001100100111,129,367,JPEG,10200,PARTIAL_PPE,val,1.0.0,1.0.0,2026-09-13T23:02:03.862057+00:00
scene_0042_w00,scene_0042,cfa63fc58659e8939b56e3cdd1c2cfee0681e410ce23b7ec1230a1ec3ce42210,1111000001110001001000110010101100100011001100110011001100001011,138,322,JPEG,6500,PARTIAL_PPE,train,1.0.0,1.0.0,2026-09-13T23:02:03.862057+00:00
scene_0042_w01,scene_0042,060fd292c02c58e102c679a8a751942f203e122fb803d39de206919707009024,1111000111110000110011001100110011101000001100110011001100110011,138,375,JPEG,9719,FULL_PPE,train,1.0.0,1.0.0,2026-09-13T23:02:03.862057+00:00
scene_0042_w02,scene_0042,ba132b407f7b1d4395aa6a8275cd852a33b68eb0ccef48202f7082028af330a4,0111000111110001110011001100110011101000001100110011001100001011,141,347,JPEG,10071,FULL_PPE,train,1.0.0,1.0.0,2026-09-13T23:02:03.862057+00:00
scene_0043_w00,scene_0043,63dfaa31d42fe0ab37532c0601e9b9e98dea0bab6db874897648964f3f2f5b15,1111000001110001000110110010101100110011001100110011001100001011,162,282,JPEG,8839,PARTIAL_PPE,train,1.0.0,1.0.0,2026-09-13T23:02:03.862057+00:00
scene_0043_w01,scene_0043,75f90795958ed5e208d6c3e9fbf5b6ea5e3525cce1913559ac0d8862821cab4f,1111000000110001001000110010001100110011001100110011001100001101,134,279,JPEG,7058,PARTIAL_PPE,train,1.0.0,1.0.0,2026-09-13T23:02:03.862057+00:00
scene_0043_w02,scene_0043,770922a226568eab07ead7c4fc4de575182dbff6ed35d3fb25e540a94a24dbcd,0111000001101001111010001110100000101011001100110011001100110011,141,258,JPEG,7987,PARTIAL_PPE,train,1.0.0,1.0.0,2026-09-13T23:02:03.862057+00:00
scene_0044_w00,scene_0044,a76cb64a11e0fe867bc06800cf048e6d3bebd7119e214a09391ec7d305a777bd,1000011000001111001010110010101100110011001100110011001100101011,165,327,JPEG,9351,PARTIAL_PPE,train,1.0.0,1.0.0,2026-09-13T23:02:03.862057+00:00
scene_0045_w00,scene_0045,82a83eb0c2d946cb2dabc21df33acbe51fae2693d7f40e7d68cfccc8bb17f2c8,1000011010001111011010110110101100101011001100110011001100110011,116,269,JPEG,9650,FULL_PPE,train,1.0.0,1.0.0,2026-09-13T23:02:03.862057+00:00
scene_0045_w01,scene_0045,283ec669deb145ea663e8f0cd79e685373ba97bd650cc4c4141408a7c69e6499,1001011000000111001010110010101100100011001100110011001100100011,162,330,JPEG,9709,PARTIAL_PPE,train,1.0.0,1.0.0,2026-09-13T23:02:03.862057+00:00
scene_0046_w00,scene_0046,28ca08d6e56cebe52377a6965cbd079d15ab5f05930b2b35748206950a85f5af,1001011000000111001010110010101100110011001100110011001100010111,124,257,JPEG,5101,NO_PPE,train,1.0.0,1.0.0,2026-09-13T23:02:03.862057+00:00
scene_0047_w00,scene_0047,bef1255bfa7d7de66701a7b44819f3a5d3afbf88d70832a142ad740b33218107,1111000000110011001010110010101100100011001100110011001100001111,160,257,JPEG,6828,NO_PPE,train,1.0.0,1.0.0,2026-09-13T23:02:03.862057+00:00
scene_0048_w00,scene_0048,f478df5c87f01a377d400126e230e7356b68438f10eafa76153e47afaf1c07c9,1111000001110001000101110010001100110011001100110011001100110011,171,393,JPEG,8828,NO_PPE,val,1.0.0,1.0.0,2026-09-13T23:02:03.862057+00:00
scene_0049_w00,scene_0049,017bd7949ee37670ebbaeea7265b7d11ae660488d0a9f932ca76c799076d7bf3,0010110000101111001010110010101100110011001100110011001100101011,160,244,JPEG,6874,NO_PPE,train,1.0.0,1.0.0,2026-09-13T23:02:03.862057+00:00
scene_0050_w00,scene_0050,3ad5260822bddaa96de5fc48375d3d89f986725cc2a771856bb4a82b8d7ec763,1100010000001101001010110010101100110011001100110011001100110111,112,371,JPEG,6385,NO_PPE,train,1.0.0,1.0.0,2026-09-13T23:02:03.862057+00:00
scene_0051_w00,scene_0051,44120147269c388ac8f3e1e5f2b4dfa7df2d17fe01f6bbba2690b2dfdb5a0ce1,1111000000100011001000110010101100110011001100110011001100110011,139,319,JPEG,6265,PARTIAL_PPE,test,1.0.0,1.0.0,2026-09-13T23:02:03.862057+00:00
scene_0051_w01,scene_0051,f25175b24c35ccea14d5e4c39389733e390b57aebd2276407341dda03385caa0,1111000000110011001010110010101100110011001100110011001100001011,141,290,JPEG,6568,NO_PPE,test,1.0.0,1.0.0,2026-09-13T23:02:03.862057+00:00
scene_0052_w00,scene_0052,8ff7b365ce0103d63758e55ca71b1979d8e5b133200b2585c2d691dd976a0c4a,0111000001110011001010110010101100110011001100110011001100001011,156,349,JPEG,7688,NO_PPE,val,1.0.0,1.0.0,2026-09-13T23:02:03.862057+00:00
scene_0053_w00,scene_0053,1f3ac8a034f3a8d8d13e3e827fb53d6ef09f2947f20707a0980d19f4519fa791,0111000101101001111010011110100001101001001100110011001100001101,126,364,JPEG,10171,FULL_PPE,train,1.0.0,1.0.0,2026-09-13T23:02:03.862057+00:00
scene_0054_w00,scene_0054,1324821045e95bdbc1e5ea9c400a4a6c15085894b72b965b84e20dbcebfa927b,0100110101001101001010110010101100101011001100110011001100101011,171,345,JPEG,13303,FULL_PPE,train,1.0.0,1.0.0,2026-09-13T23:02:03.862057+00:00
scene_0055_w00,scene_0055,fad6de80a3e21fed17d80a860fba8f1fef0e6a4ca8262f2465da9af4dda8b35d,0011000101001000111010001100100001101001001100110011001100001011,128,392,JPEG,9600,FULL_PPE,train,1.0.0,1.0.0,2026-09-13T23:02:03.862057+00:00
scene_0056_w00,scene_0056,1cf0de70b1f4d2918e02d0e997dd5f2afa4fdc41125df016163862c4fb1c208c,0111000101101001111010001110100001101001001100110011001100110011,133,383,JPEG,10245,FULL_PPE,train,1.0.0,1.0.0,2026-09-13T23:02:03.862057+00:00
scene_0057_w00,scene_0057,33c280b543caaf04e70626e34240bcfb3c6fa5d924964cdbcfd0fff2fc0ac846,0100111001001111011010010110100101101001001100110011001100001011,167,268,JPEG,8696,PARTIAL_PPE,val,1.0.0,1.0.0,2026-09-13T23:02:03.862057+00:00
scene_0058_w00,scene_0058,ee85b446d9b2d910956489145f3acbfa42e06b91f31887909778f4df61286c18,0111000111110000111010001110100011101000001100110011001100001111,116,379,JPEG,9075,PARTIAL_PPE,val,1.0.0,1.0.0,2026-09-13T23:02:03.862057+00:00
scene_0059_w00,scene_0059,a10048c023b5b01d949ad7b7e22d3f85de4b209af558059b385419afe6f41218,1111000001110001000000110010101100100011001100110011001100001111,139,275,JPEG,5902,NO_PPE,val,1.0.0,1.0.0,2026-09-13T23:02:03.862057+00:00
scene_0059_w01,scene_0059,27fdf1918f800914eca0e25c62ca39dd12d110876c73f4dc81a96cc902198b5d,1111000001110001001001110010001100110011001100110011001100110011,110,337,JPEG,4919,NO_PPE,val,1.0.0,1.0.0,2026-09-13T23:02:03.862057+00:00
scene_0059_w02,scene_0059,31454adcbcc0f14aa6c6303600c3dc6faad2a64dd6a93a4a48bfee4cd237e433,1111000001110001000100110010101100110011001100110011001100110011,119,346,JPEG,5899,NO_PPE,val,1.0.0,1.0.0,2026-09-13T23:02:03.862057+00:00
scene_0060_w00,scene_0060,9f09c0871f6196080c8289bd0d0c1acbadd605041b1f20bf9aa4172301c7d2c7,1111000000110001001001110010001100110011001100110011001100110011,164,376,JPEG,7325,NO_PPE,test,1.0.0,1.0.0,2026-09-13T23:02:03.862057+00:00
scene_0060_w01,scene_0060,c13375d154afecd27eef6ee5a1f050ef80953e98a2b8d9140bf4b3ab6fb66587,1111000000110001001000110010101100110011001100110011001100001111,105,319,JPEG,6652,NO_PPE,test,1.0.0,1.0.0,2026-09-13T23:02:03.862057+00:00
scene_0060_w02,scene_0060,12527291978ff615ca6dc4960811f4653e0ebc86875c6808aaa1412b2189de95,1111000001110001001000110010101100110011001100110011001100001011,104,333,JPEG,5456,PARTIAL_PPE,test,1.0.0,1.0.0,2026-09-13T23:02:03.862057+00:00
scene_0061_w00,scene_0061,c0bf597075debc62088ec6ee8d0648eaa95c6ebc7e9a2e3a7c4661f03c941606,1000100000001011001010110110101100101011001100110011001100110011,146,389,JPEG,11379,FULL_PPE,train,1.0.0,1.0.0,2026-09-13T23:02:03.862057+00:00
scene_0061_w01,scene_0061,a9339c303495b2ac3524fd471ec045947b5dbce6ccf88d2f682653bec1c93080,0010011000101111001010110110100100101011001100110011001100100111,138,345,JPEG,10055,PARTIAL_PPE,train,1.0.0,1.0.0,2026-09-13T23:02:03.862057+00:00
scene_0061_w02,scene_0061,f0320df70b8efa9cedb2ba9f99b784e692cf4ce41df8caacd63da383090e1e93,1000111000001111001010110010101100110011001100110011001100010011,104,323,JPEG,5764,NO_PPE,train,1.0.0,1.0.0,2026-09-13T23:02:03.862057+00:00
scene_0062_w00,scene_0062,f11c57650519d2f5c06b1db84792f7e0b4243a023f8a117e77551c84b5fb0c5a,1111000001110001000001110010101100110011001100110011001100110011,135,247,JPEG,4944,NO_PPE,train,1.0.0,1.0.0,2026-09-13T23:02:03.862057+00:00
scene_0062_w01,scene_0062,fe84aa3b1046f98e2edbe0da0995576982fe6c1725bc8137813c3d36100d1c68,0111000111110000110011001100100011101000001100110011001100001111,100,259,JPEG,6706,PARTIAL_PPE,train,1.0.0,1.0.0,2026-09-13T23:02:03.862057+00:00
scene_0063_w00,scene_0063,8038498e8f08c877150a224af24b3850d098696a751e6917e2c746c52d593531,1000011001101001011010010110100101101001001100110011001100010011,99,317,JPEG,8071,FULL_PPE,val,1.0.0,1.0.0,2026-09-13T23:02:03.862057+00:00
scene_0064_w00,scene_0064,fec343fafd85b0a3eb932cea92093a0a0f81c57db8899b7833144366a384ae5e,1011000000101011011010010110100100101011001100110011001100110011,119,249,JPEG,7541,FULL_PPE,train,1.0.0,1.0.0,2026-09-13T23:02:03.862057+00:00
scene_0065_w00,scene_0065,326361577e58c5baa9366450055324a5680ce57c9d40095ae51579a512b0fb56,0111000111110000110011001100110011001000001100110011001100110011,125,272,JPEG,6922,FULL_PPE,train,1.0.0,1.0.0,2026-09-13T23:02:03.862057+00:00
scene_0066_w00,scene_0066,1009b5da2af4af4f1ad1ba29b547b7ef6c77be23d68f10b8b1b8b1824ac75d8b,0111001001101010011010010110100000101011001100110011001100110011,160,282,JPEG,9407,PARTIAL_PPE,train,1.0.0,1.0.0,2026-09-13T23:02:03.862057+00:00
scene_0066_w01,scene_0066,f02cf8916d6020da7f63fc5f2d4a91606b46415482d18ddcd3aa7bf20a97d038,0111000111101000110010001100100001101001001100110011001100110011,105,334,JPEG,8324,FULL_PPE,train,1.0.0,1.0.0,2026-09-13T23:02:03.862057+00:00
scene_0067_w00,scene_0067,185b10340f2d68d41506bf7068a30b14bf6d9df3e82325da4d0169b5cff55149,1100010000101011001010110010101100110011001100110011001100001011,147,276,JPEG,5283,NO_PPE,train,1.0.0,1.0.0,2026-09-13T23:02:03.862057+00:00
scene_0067_w01,scene_0067,873d3e6f1820fe3ff37ba85629d0a8d215d8d96d4e727829badd9881f26d4575,1111000000101011001000110010101100110011001100110011001100001011,165,310,JPEG,6762,PARTIAL_PPE,train,1.0.0,1.0.0,2026-09-13T23:02:03.862057+00:00
scene_0068_w00,scene_0068,1129750eddebe69baf6613bb0baa7b22b5c5e94bb5b8bf6d5dc4f3917f12c88c,1101101100101011011010010110100100101001001100110011001100011011,98,337,JPEG,8942,FULL_PPE,train,1.0.0,1.0.0,2026-09-13T23:02:03.862057+00:00
scene_0069_w00,scene_0069,71ec7407deb6fa68295d72438381e549a14c34e7b9690758387b6c26e41e59fe,1111000001101001011010010110100100101011001100110011001100001011,149,368,JPEG,12042,FULL_PPE,train,1.0.0,1.0.0,2026-09-13T23:02:03.862057+00:00
scene_0069_w01,scene_0069,c3d8625722309371e4ad8b311f08aab111a7d980844abac050dad72e438ae00a,1111000000110011001010110010101100110011001100110011001100001011,114,288,JPEG,6208,NO_PPE,train,1.0.0,1.0.0,2026-09-13T23:02:03.862057+00:00
scene_0070_w00,scene_0070,674e574b267b54b295d8f28e3f07c2f9d7a03bfe14defb9904509705bc3d5e50,0111000111101000111010001110100011101000001100110011001100001111,135,325,JPEG,8806,FULL_PPE,train,1.0.0,1.0.0,2026-09-13T23:02:03.862057+00:00
scene_0071_w00,scene_0071,6d38bb37f86a913441673b93ae21a519858e5eb747d2ebe834331e5186a90306,1111001100110011001000110010101100110011001100110011001100001011,112,318,JPEG,5578,NO_PPE,test,1.0.0,1.0.0,2026-09-13T23:02:03.862057+00:00
scene_0072_w00,scene_0072,aff179c0962194d64905a1682eab1d43d61ca1df5c70e8642cbfdd68df1c2ef2,1100111001001111011010110110100101101011001100110011001101010011,107,375,JPEG,9608,PARTIAL_PPE,train,1.0.0,1.0.0,2026-09-13T23:02:03.862057+00:00
scene_0073_w00,scene_0073,fc39e5e2012f38704617c8fb8629eff14cab571c6945a8a4ffd6fcdd6c42b778,1111000001110001001000110010101100100011001100110011001100110011,107,322,JPEG,4610,NO_PPE,train,1.0.0,1.0.0,2026-09-13T23:02:03.862057+00:00
scene_0074_w00,scene_0074,63bea19ec2b11a9d24c9f8da05e7f6a620614237f8b8c9b7a2453184f34d0299,1111101101101011011010010110100100101011001100110011001100001011,137,345,JPEG,10376,PARTIAL_PPE,test,1.0.0,1.0.0,2026-09-13T23:02:03.862057+00:00
scene_0075_w00,scene_0075,45b8e002ca6e5c3af8f9283f3ad2bb3bbfdf4a6e1a8ace0308136936c1f43a8e,1001011000001111001010110010101100110011001100110011001100011011,173,383,JPEG,9967,PARTIAL_PPE,val,1.0.0,1.0.0,2026-09-13T23:02:03.862057+00:00
scene_0076_w00,scene_0076,8cd567d9ac8e9e0d2af3183b1e2e66a1e535c547b8618a74e8f66286bcfcc163,1000001000001111001010110010101100110011001100110011001100110011,158,253,JPEG,7390,PARTIAL_PPE,train,1.0.0,1.0.0,2026-09-13T23:02:03.862057+00:00
scene_0077_w00,scene_0077,ef9dec592ebca844ff9b57f5c2f8e8bc1608074b2369ae611717cabf6a92d962,1000011000001111011010010110100101101001001100110011001100110011,133,257,JPEG,7390,FULL_PPE,train,1.0.0,1.0.0,2026-09-13T23:02:03.862057+00:00
scene_0078_w00,scene_0078,f781203dd05b778ca6a4656d7972959fb4b00cd697af0b5d25584e77f7cc195e,0111000111100000111010001110100011101000001100110011001100001111,144,335,JPEG,9238,FULL_PPE,train,1.0.0,1.0.0,2026-09-13T23:02:03.862057+00:00
scene_0078_w01,scene_0078,b4b87f5e5120710d1b4e9777890e86bf585220c528cc325cafefe66d256e24d5,1111000111110000110011001100110011101000001100110011001100110011,146,278,JPEG,8112,PARTIAL_PPE,train,1.0.0,1.0.0,2026-09-13T23:02:03.862057+00:00
scene_0078_w02,scene_0078,99517ad72edb21ba9323b05b7fdc948292b796a0bbfc4cd75ff0c6ea6533cb70,0111000111110000111010001110100011101000001100110011001100001011,136,312,JPEG,9286,FULL_PPE,train,1.0.0,1.0.0,2026-09-13T23:02:03.862057+00:00
scene_0079_w00,scene_0079,d3b31c2ca4f8c0d6757c955a7efd1cf6a147a7045833e35bbe34116377965c1c,0111000101101001111010001110100001101001001100110011001100110011,142,387,JPEG,9090,FULL_PPE,train,1.0.0,1.0.0,2026-09-13T23:02:03.862057+00:00
scene_0080_w00,scene_0080,7e020cb2a3cdf4330a49037bd8dd0f9768a19610095b678a1b9a1d0a7f68ea5c,1000111000001111001010110110100100101011001100110011001100101111,163,274,JPEG,8286,PARTIAL_PPE,train,1.0.0,1.0.0,2026-09-13T23:02:03.862057+00:00
scene_0080_w01,scene_0080,e05401cfad7f258e31de39e06dcc74116d93a2b9f68592b3efa7bb48c65a70f9,1011011000011111001010110010101100110011001100110011001100110011,106,348,JPEG,5166,NO_PPE,train,1.0.0,1.0.0,2026-09-13T23:02:03.862057+00:00
scene_0081_w00,scene_0081,2100c06bc3182aa9b056003552d0faa46c25dd4719b5434f502e9cead9ab1f22,1000011000001111001010110010101100110011001100110011001100101011,166,309,JPEG,7298,PARTIAL_PPE,train,1.0.0,1.0.0,2026-09-13T23:02:03.862057+00:00
scene_0081_w01,scene_0081,4f87fc0f377c6921211001fc200f1fab9f3c97f5ede77e09eb5a7887e6c3aa07,1011011000001111001000110010101100110011001100110011001100100111,158,383,JPEG,9335,PARTIAL_PPE,train,1.0.0,1.0.0,2026-09-13T23:02:03.862057+00:00
scene_0082_w00,scene_0082,73eb6074f94698bbc12aa5f3f4057e62ab62fb93f2697f2eda54bcad42120fe8,0111000001110001000100110010101100110011001100110011001100110011,163,392,JPEG,7305,NO_PPE,test,1.0.0,1.0.0,2026-09-13T23:02:03.862057+00:00
scene_0083_w00,scene_0083,03eea74cd1bbce08fdb325d60a73485e8cb1b42b81cb2b7430502c6ccb8f25dc,0100101101001011011010010110100101101001001100110011001100110011,142,382,JPEG,11210,FULL_PPE,train,1.0.0,1.0.0,2026-09-13T23:02:03.862057+00:00
scene_0083_w01,scene_0083,01ab9014a9fe72337a7ee11e3ccd1d634cc90dcaabe0658326f1540fe7211ded,1000011000001111011010010110100100101011001100110011001100110011,120,271,JPEG,8414,FULL_PPE,train,1.0.0,1.0.0,2026-09-13T23:02:03.862057+00:00
scene_0084_w00,scene_0084,49202e10c11a8084e000926cad5924d4ac6f8fadab1d265ebaa0c08eef57e6f6,1111000111110000111010001110100011101000001100110011001100110011,154,258,JPEG,7809,PARTIAL_PPE,train,1.0.0,1.0.0,2026-09-13T23:02:03.862057+00:00
scene_0084_w01,scene_0084,a78305c8fd51b9093bbb8cb2f432dfa8cab9ab5d698223466be29dc28133f4ba,0111000111110000110011001100100011101000001100110011001100001111,104,271,JPEG,7574,FULL_PPE,train,1.0.0,1.0.0,2026-09-13T23:02:03.862057+00:00
scene_0085_w00,scene_0085,ff008e2c6060b5da588328e2c8895743fea80d1907a1480ab48f5f71600340d0,1000011000001111001010110010101100101011001100110011001100101011,165,365,JPEG,10902,FULL_PPE,train,1.0.0,1.0.0,2026-09-13T23:02:03.862057+00:00
scene_0085_w01,scene_0085,c6e011cb69a44ab14e0d5fe33fb14e866997d84bb0b25a098c5a7755ec4397c2,1000111000001111001010110010101100101011001100110011001100110011,133,344,JPEG,8989,PARTIAL_PPE,train,1.0.0,1.0.0,2026-09-13T23:02:03.862057+00:00
scene_0085_w02,scene_0085,99d384a9cd2df6a7b0724975308d82a60593896490d66ba0a64a6f8bd182b193,0101011001001111011010010110100101101011001100110011001100110011,124,304,JPEG,9747,FULL_PPE,train,1.0.0,1.0.0,2026-09-13T23:02:03.862057+00:00
scene_0086_w00,scene_0086,4cb7863c31a4337ce8d4ce716f85e4630957db7913e8871b7598dc37dc752f26,1000111000001111001010010110100100101001001100110011001100110011,120,374,JPEG,9371,PARTIAL_PPE,test,1.0.0,1.0.0,2026-09-13T23:02:03.862057+00:00
scene_0087_w00,scene_0087,e5baef549f6fedd476568c1df479cc1b1a41f285a72b7447e184cde2827cc3db,1011000000101001011010010110100100101011001100110011001100011011,121,346,JPEG,9687,FULL_PPE,test,1.0.0,1.0.0,2026-09-13T23:02:03.862057+00:00
scene_0087_w01,scene_0087,116e4175357e606724c72b82f48a6abb258447f3fe6c4c258d30493723e93b8d,0010101000101011011010010110100100101011001100110011001100101011,124,381,JPEG,9566,PARTIAL_PPE,test,1.0.0,1.0.0,2026-09-13T23:02:03.862057+00:00
scene_0088_w00,scene_0088,351c24d39cb0ed66b7331ad98565a8b0694b3f0d292e0ccb32faf2e5a59a2d30,0110100001101001011010010110100100101011001100110010101100001011,137,335,JPEG,9863,FULL_PPE,train,1.0.0,1.0.0,2026-09-13T23:02:03.862057+00:00
scene_0088_w01,scene_0088,8cba3151988aa747ba150ee6c7fb71d56e758b8d1de3ecd582e55c686b0468b5,1111000000110011001000110010101100110011001100110011001100001011,119,322,JPEG,6406,NO_PPE,train,1.0.0,1.0.0,2026-09-13T23:02:03.862057+00:00
scene_0089_w00,scene_0089,f33cdd5ce25a0bdbde021c7ad3ab98b2a3516cbd8c1c5e9c1cce3c291467be2f,0111000001110001000100110010101100110011001100110011001100001111,163,302,JPEG,7686,PARTIAL_PPE,train,1.0.0,1.0.0,2026-09-13T23:02:03.862057+00:00
scene_0090_w00,scene_0090,ad586337ed95843ecf327be9b671bc0acd6be423f061b34e3ecf300ed9c19016,0111000000110001000000110010101100110011001100110011001100110011,121,360,JPEG,5587,NO_PPE,train,1.0.0,1.0.0,2026-09-13T23:02:03.862057+00:00
scene_0091_w00,scene_0091,3ad9359f899b6cced44c2440a42ca3becd41a26fc1c1361d908545639a667e7a,1111000000100011001010110010101100110011001100110011001100001011,160,369,JPEG,9796,PARTIAL_PPE,train,1.0.0,1.0.0,2026-09-13T23:02:03.862057+00:00
scene_0091_w01,scene_0091,9b9961464a804b41cbb77e0c2a7f8e486175b8ea6950914d21deaca7eb1c66f1,0111100101101001110011001100100001101000001100110011001100001011,173,292,JPEG,9784,FULL_PPE,train,1.0.0,1.0.0,2026-09-13T23:02:03.862057+00:00
scene_0092_w00,scene_0092,335c8beeac103a770863ecc6d2b92301a23b035d36fc543d242ffe87c64638b3,0111000111110000111010001110100011101000001100110011001100001111,173,339,JPEG,10123,PARTIAL_PPE,test,1.0.0,1.0.0,2026-09-13T23:02:03.862057+00:00
scene_0092_w01,scene_0092,d32dc500627fa18f998e66263c2f91137be51f554125dd6b785e6b5f716bff31,0111000101110001000001110010101100100011001100110011001100001111,157,305,JPEG,6321,NO_PPE,test,1.0.0,1.0.0,2026-09-13T23:02:03.862057+00:00
scene_0092_w02,scene_0092,3557e01bbb2144703b0a987b4d56deafc16cc765f64e57316215842fef24e70f,0111000111110000110011001100110011001000001100110011001100110011,129,359,JPEG,8660,FULL_PPE,test,1.0.0,1.0.0,2026-09-13T23:02:03.862057+00:00
scene_0093_w00,scene_0093,0fec33cdaca10dab26f2199a55502e7c6c251fe49e1a6e9dde27b43d090017ce,1000110100001101001010110010101100110011001100110011001100110011,119,371,JPEG,7718,PARTIAL_PPE,val,1.0.0,1.0.0,2026-09-13T23:02:03.862057+00:00
scene_0094_w00,scene_0094,007a2431adb23d0ecd3ad1339bb9b0f7838ea7b47674d6bd8fb8e8ca68487247,0111000111110000111010001110100011101000001100110011001100001111,134,330,JPEG,9868,FULL_PPE,train,1.0.0,1.0.0,2026-09-13T23:02:03.862057+00:00
scene_0094_w01,scene_0094,4319b02cc1e4bb9fdbfa44e47f300e649418ea72089cd3b078db798012afb6dc,0111000111110000110011001100110011101000001100110011001100001111,150,258,JPEG,8323,FULL_PPE,train,1.0.0,1.0.0,2026-09-13T23:02:03.862057+00:00
scene_0095_w00,scene_0095,9b917853878d48aa2b5b9f287d044e792ca48a300c6de715add5c0fc6ac2177d,1000111000001111011010110110100100101011001100110011001100110011,107,348,JPEG,8850,PARTIAL_PPE,train,1.0.0,1.0.0,2026-09-13T23:02:03.862057+00:00
scene_0095_w01,scene_0095,0473c55d2cffeda446347cc801cf25139f000351d7608a6ef76f087aca8a2ca6,1000111000001111001010110010101100110011001100110011001100110011,113,371,JPEG,6202,NO_PPE,train,1.0.0,1.0.0,2026-09-13T23:02:03.862057+00:00
scene_0096_w00,scene_0096,3ca0fdcffc4de2f58b191ad1d1d62ebd6b6cf2e107cfb789e05c5c4f034618d7,1000011010101011011010011110100100101011001100110011001100001011,151,296,JPEG,9057,PARTIAL_PPE,train,1.0.0,1.0.0,2026-09-13T23:02:03.862057+00:00
scene_0097_w00,scene_0097,c5ded595444d2f226a53c097f2b157815c6c000435431b1c75e2bbd977961c25,1111000000101011001010110010101100100011001100110011001100001011,141,377,JPEG,7648,PARTIAL_PPE,train,1.0.0,1.0.0,2026-09-13T23:02:03.862057+00:00
scene_0097_w01,scene_0097,bde50bd05732d987f6147da6de10a657a296ef9f9e803b5766ad24e438409d72,0000011001001101111010001110100001101001001100110011001100011011,118,275,JPEG,6745,PARTIAL_PPE,train,1.0.0,1.0.0,2026-09-13T23:02:03.862057+00:00
scene_0098_w00,scene_0098,1347d0e5386923fa0aa92d387f1c1ea9028728669e005eb19de0e75ebd747116,1000011000001111011010010110100101101001001100110011001100110111,119,379,JPEG,9444,FULL_PPE,train,1.0.0,1.0.0,2026-09-13T23:02:03.862057+00:00
scene_0099_w00,scene_0099,e2887520a13369a8f01ef96d185e094e38babe05052f58d0820f28800ddd12c3,1000010100001101001010110010101100110011001100110011001100101011,165,277,JPEG,7597,PARTIAL_PPE,test,1.0.0,1.0.0,2026-09-13T23:02:03.862057+00:00
scene_0100_w00,scene_0100,77fb02e0ba9298a285566b2466e6b7f81314d37c0d3ddb36ca6090982332b81c,1000101100001011001010110010101100110011001100110011001100110011,98,336,JPEG,6682,PARTIAL_PPE,train,1.0.0,1.0.0,2026-09-13T23:02:03.862057+00:00
scene_0100_w01,scene_0100,4ecbecfbdbf190e747626b2c518a987e917f9684f13e8ed75e5c147e3dc682c8,1000110000001111001010110010101100110011001100110011001100110011,160,368,JPEG,8082,NO_PPE,train,1.0.0,1.0.0,2026-09-13T23:02:03.862057+00:00
scene_0101_w00,scene_0101,6800cbe52924edb340dd145502ca8d3e3b6c651f36f396be70efd8893ee74ce8,1000111000001111001010110010101100110011001100110011001100101011,165,278,JPEG,6492,NO_PPE,val,1.0.0,1.0.0,2026-09-13T23:02:03.862057+00:00
scene_0102_w00,scene_0102,1805cc273e60cfc754dfa652e3c155c976ea4657dea62154114c502491106cb4,1000011000001111011010110110101100101011001100110011001100110011,118,371,JPEG,9370,FULL_PPE,test,1.0.0,1.0.0,2026-09-13T23:02:03.862057+00:00
scene_0103_w00,scene_0103,c4eaf069e5bdebf2fb49702de610a9f97e72d553619c3fe8f9044e141e01508b,1000100100001001001010110110100100101011001100110011001100101011,165,364,JPEG,10536,PARTIAL_PPE,test,1.0.0,1.0.0,2026-09-13T23:02:03.862057+00:00
scene_0104_w00,scene_0104,bbe7d99dae68138731eed0414115fe75c0008cf9088154f1ce7b9fa471857718,0010111000101101011010010110100101101001001100110011001100101011,141,323,JPEG,9671,FULL_PPE,train,1.0.0,1.0.0,2026-09-13T23:02:03.862057+00:00
scene_0104_w01,scene_0104,24d4ec9eaa5d17b2a9b49654e0d262f09b802269f5ce679253ec2b64b22837bf,1000111000001111001010110010101100110011001100110011001100110011,120,296,JPEG,5944,NO_PPE,train,1.0.0,1.0.0,2026-09-13T23:02:03.862057+00:00
scene_0105_w00,scene_0105,f0ae9453d6c8fc4b91fbdd7816b929733e2440ce477b817124bc198f39206f5a,1000011001101001011010010110100101101001001100110011001100110011,124,308,JPEG,8430,FULL_PPE,val,1.0.0,1.0.0,2026-09-13T23:02:03.862057+00:00
scene_0106_w00,scene_0106,73d7efcee3747b7bfa315a6e7ba11248d90bc37b3cc5d8e3056f568309cb0002,1011101100101011011010010110100100101011001100110011001100110011,140,334,JPEG,8778,FULL_PPE,test,1.0.0,1.0.0,2026-09-13T23:02:03.862057+00:00
scene_0107_w00,scene_0107,997883624a25b22716274113eac8de795f7f871106e602deb2ec391ddcb6a63f,1111001000101011011010010110100100101011001100110011001100101011,164,360,JPEG,11775,FULL_PPE,train,1.0.0,1.0.0,2026-09-13T23:02:03.862057+00:00
scene_0108_w00,scene_0108,e9cf160fe772eeb03740c8b6b0bb512d019a9ec145cc708db0fa9120745a084e,0110111001101011011010010110100100101011001100110011001100101011,114,286,JPEG,8480,PARTIAL_PPE,test,1.0.0,1.0.0,2026-09-13T23:02:03.862057+00:00
scene_0109_w00,scene_0109,066c3b38ac17bef0e97b8aca89c065b4d974d5789c8b49eb156c7637a4ffcdb6,1010011010101111011010111110100100101011001100110011001100101011,168,300,JPEG,12637,FULL_PPE,train,1.0.0,1.0.0,2026-09-13T23:02:03.862057+00:00
scene_0110_w00,scene_0110,9ffe283ed1275d93fcfd7134fa5d14d8b1d300f940d0a5a09b17942044d80131,0010010000101001110010001110100001101001001100110011001100100111,133,326,JPEG,9170,FULL_PPE,train,1.0.0,1.0.0,2026-09-13T23:02:03.862057+00:00
scene_0111_w00,scene_0111,be3f9828cf3530e689831f378273e0e3437ad96eeb6057c80e5dd8d0a2df19fc,1001101100001011001010110010101100101011001100110011001100011011,136,379,JPEG,12029,FULL_PPE,train,1.0.0,1.0.0,2026-09-13T23:02:03.862057+00:00
scene_0111_w01,scene_0111,9f0bf2b63118622457f48b95f580a21ad5d22c61a9dca179863173b050257d18,1000110100001101001010110010101100101011001100110011001100101011,159,312,JPEG,11002,FULL_PPE,train,1.0.0,1.0.0,2026-09-13T23:02:03.862057+00:00
scene_0112_w00,scene_0112,e683edf586899d65e31503f4ab290936c4e7ee27642f821328419a6f8bb583a2,1111000000110011001000110010101100110011001100110011001100001011,138,377,JPEG,7666,NO_PPE,val,1.0.0,1.0.0,2026-09-13T23:02:03.862057+00:00
scene_0113_w00,scene_0113,3efcfc6b050c04a250fc2530db121508f28befb2ab9b3149355265b838553057,1000011001001101011010011110100001101001001100110011001100110011,112,360,JPEG,7339,PARTIAL_PPE,train,1.0.0,1.0.0,2026-09-13T23:02:03.862057+00:00
scene_0114_w00,scene_0114,e0ae1fdaee5e3536e9ff11392668bac3a0f66e8fadac90d488aa342871c6b427,1000111000001111001010110010101100110011001100110011001100110011,110,258,JPEG,5217,PARTIAL_PPE,train,1.0.0,1.0.0,2026-09-13T23:02:03.862057+00:00
scene_0115_w00,scene_0115,7a1a474a9f977fa1d822975e95cc2a2abecff3ccb728c2c300f7e449d7e3ae18,1111000111100000111010001110100011101001001100110011001100001111,110,246,JPEG,7243,PARTIAL_PPE,val,1.0.0,1.0.0,2026-09-13T23:02:03.862057+00:00
scene_0116_w00,scene_0116,17a87e41ed135d60adf1547e8ec687eda67578d588d9442e12f314a1ec345993,1001000100001111001010110010101100110011001100110011001100110011,148,245,JPEG,6170,PARTIAL_PPE,train,1.0.0,1.0.0,2026-09-13T23:02:03.862057+00:00
scene_0117_w00,scene_0117,c5dbc216ca628beaac876662be5d953f2ea750ac2a3e983c3fea2482d8206269,1101101101001011011010010110100101101011001100110011001100110011,144,314,JPEG,9641,FULL_PPE,train,1.0.0,1.0.0,2026-09-13T23:02:03.862057+00:00
scene_0117_w01,scene_0117,fde2c0c1b4503fd389bc488b3bf1bf7eebc7fa7c9e91fce2f899fd8ded5a15ed,1010110000101011001010110010101100110011001100110011001100110011,123,278,JPEG,5060,NO_PPE,train,1.0.0,1.0.0,2026-09-13T23:02:03.862057+00:00
scene_0118_w00,scene_0118,95e94773a673ed6545fc4ef353f8d0bddc333a2ac522afd29514ef52e748063f,1111000000110011001000110010101100110011001100110011001100001111,112,389,JPEG,6072,NO_PPE,train,1.0.0,1.0.0,2026-09-13T23:02:03.862057+00:00
scene_0119_w00,scene_0119,ccb58260424ba792464e0f513214c2741626a7afd09c7ca0f930d9ac7976462a,1101100000101011001000110010101100110011001100110011001100011011,115,313,JPEG,6249,PARTIAL_PPE,test,1.0.0,1.0.0,2026-09-13T23:02:03.862057+00:00
scene_0119_w01,scene_0119,0cfb3493aca251a56cbdad3b5bd226ae825c9a2c5322cc511856ec3a876a1a26,0110100101101101111010001110100001101001001100110011001100001011,169,254,JPEG,9732,FULL_PPE,test,1.0.0,1.0.0,2026-09-13T23:02:03.862057+00:00
scene_0119_w02,scene_0119,15c685aeec8dc650b8f1d3872b1311b1fb0c0580f527442d33e6493f745bd392,1111000000101011011010010110100100101011001100110011001100001011,158,270,JPEG,9837,FULL_PPE,test,1.0.0,1.0.0,2026-09-13T23:02:03.862057+00:00
